what,kind,bundleId,bundleVersion,description,time
activated,perspective,org.eclipse.jst.j2ee.ui,,"org.eclipse.jst.j2ee.J2EEPerspective",1326260635279
started,bundle,org.eclipse.osgi,3.7.0.v20110613,"org.eclipse.osgi",1326260635280
started,bundle,org.eclipse.equinox.simpleconfigurator,1.0.200.v20110502-1955,"org.eclipse.equinox.simpleconfigurator",1326260635280
started,bundle,com.ibm.icu,4.4.2.v20110208,"com.ibm.icu",1326260635280
started,bundle,org.eclipse.core.contenttype,3.4.100.v20110423-0524,"org.eclipse.core.contenttype",1326260635281
started,bundle,org.eclipse.core.databinding.observable,1.4.0.I20110222-0800,"org.eclipse.core.databinding.observable",1326260635281
started,bundle,org.eclipse.core.expressions,3.4.300.v20110228,"org.eclipse.core.expressions",1326260635282
started,bundle,org.eclipse.core.filebuffers,3.5.200.v20110505-0800,"org.eclipse.core.filebuffers",1326260635282
started,bundle,org.eclipse.core.filesystem,1.3.100.v20110423-0524,"org.eclipse.core.filesystem",1326260635338
started,bundle,org.eclipse.core.jobs,3.5.100.v20110404,"org.eclipse.core.jobs",1326260635339
started,bundle,org.eclipse.core.net,1.2.100.I20110511-0800,"org.eclipse.core.net",1326260635339
started,bundle,org.eclipse.core.resources,3.7.100.v20110510-0712,"org.eclipse.core.resources",1326260635383
started,bundle,org.eclipse.core.runtime,3.7.0.v20110110,"org.eclipse.core.runtime",1326260635383
started,bundle,org.eclipse.core.runtime.compatibility,3.2.100.v20100505,"org.eclipse.core.runtime.compatibility",1326260635384
started,bundle,org.eclipse.core.runtime.compatibility.auth,3.2.200.v20110110,"org.eclipse.core.runtime.compatibility.auth",1326260635384
started,bundle,org.eclipse.emf.common,2.7.0.v20110605-0747,"org.eclipse.emf.common",1326260635384
started,bundle,org.eclipse.emf.common.ui,2.7.0.v20110606-0949,"org.eclipse.emf.common.ui",1326260635384
started,bundle,org.eclipse.emf.ecore,2.7.0.v20110605-0747,"org.eclipse.emf.ecore",1326260635384
started,bundle,org.eclipse.emf.ecore.xmi,2.7.0.v20110520-1406,"org.eclipse.emf.ecore.xmi",1326260635384
started,bundle,org.eclipse.emf.edit,2.7.0.v20110606-0949,"org.eclipse.emf.edit",1326260635384
started,bundle,org.eclipse.emf.edit.ui,2.7.0.v20110606-0949,"org.eclipse.emf.edit.ui",1326260635384
started,bundle,org.eclipse.epp.mpc.ui,1.1.0.I20110525-0742,"org.eclipse.epp.mpc.ui",1326260635384
started,bundle,org.eclipse.epp.usagedata.gathering,1.3.1.R201106061540,"org.eclipse.epp.usagedata.gathering",1326260635385
started,bundle,org.eclipse.epp.usagedata.recording,1.3.1.R201106061540,"org.eclipse.epp.usagedata.recording",1326260635385
started,bundle,org.eclipse.equinox.app,1.3.100.v20110321,"org.eclipse.equinox.app",1326260635385
started,bundle,org.eclipse.equinox.common,3.6.0.v20110523,"org.eclipse.equinox.common",1326260635386
started,bundle,org.eclipse.equinox.ds,1.3.0.v20110502,"org.eclipse.equinox.ds",1326260635386
started,bundle,org.eclipse.equinox.event,1.2.100.v20110502,"org.eclipse.equinox.event",1326260635386
started,bundle,org.eclipse.equinox.p2.core,2.1.0.v20110502-1955,"org.eclipse.equinox.p2.core",1326260635387
started,bundle,org.eclipse.equinox.p2.directorywatcher,1.0.300.v20110502-1955,"org.eclipse.equinox.p2.directorywatcher",1326260635387
started,bundle,org.eclipse.equinox.p2.engine,2.1.0.v20110511,"org.eclipse.equinox.p2.engine",1326260635387
started,bundle,org.eclipse.equinox.p2.metadata,2.1.0.v20110510,"org.eclipse.equinox.p2.metadata",1326260635389
started,bundle,org.eclipse.equinox.p2.metadata.repository,1.2.0.v20110511-1359,"org.eclipse.equinox.p2.metadata.repository",1326260635389
started,bundle,org.eclipse.equinox.p2.operations,2.1.0.v20110511-1821,"org.eclipse.equinox.p2.operations",1326260635389
started,bundle,org.eclipse.equinox.p2.reconciler.dropins,1.1.100.v20110510,"org.eclipse.equinox.p2.reconciler.dropins",1326260635390
started,bundle,org.eclipse.equinox.p2.repository,2.1.0.v20110601,"org.eclipse.equinox.p2.repository",1326260635390
started,bundle,org.eclipse.equinox.p2.ui.sdk.scheduler,1.0.100.v20110502-1955,"org.eclipse.equinox.p2.ui.sdk.scheduler",1326260635390
started,bundle,org.eclipse.equinox.p2.updatechecker,1.1.200.v20110502-1955,"org.eclipse.equinox.p2.updatechecker",1326260635391
started,bundle,org.eclipse.equinox.preferences,3.4.0.v20110502,"org.eclipse.equinox.preferences",1326260635391
started,bundle,org.eclipse.equinox.registry,3.5.100.v20110502,"org.eclipse.equinox.registry",1326260635392
started,bundle,org.eclipse.equinox.security,1.1.0.v20110502,"org.eclipse.equinox.security",1326260635421
started,bundle,org.eclipse.equinox.util,1.0.300.v20110502,"org.eclipse.equinox.util",1326260635422
started,bundle,org.eclipse.help,3.5.100.v20110426,"org.eclipse.help",1326260635436
started,bundle,org.eclipse.jdt.core,3.7.0.v_B61,"org.eclipse.jdt.core",1326260635437
started,bundle,org.eclipse.jdt.core.manipulation,1.4.0.v20110505-0800,"org.eclipse.jdt.core.manipulation",1326260635437
started,bundle,org.eclipse.jdt.ui,3.7.0.v20110531-1200,"org.eclipse.jdt.ui",1326260635446
started,bundle,org.eclipse.jem.util,2.1.100.v201103021400,"org.eclipse.jem.util",1326260635447
started,bundle,org.eclipse.jface,3.7.0.I20110522-1430,"org.eclipse.jface",1326260635447
started,bundle,org.eclipse.jsch.core,1.1.300.I20110514-0800,"org.eclipse.jsch.core",1326260635447
started,bundle,org.eclipse.jst.j2ee.ui,1.1.500.v201104151900,"org.eclipse.jst.j2ee.ui",1326260635461
started,bundle,org.eclipse.jst.j2ee.webservice,1.1.400.v201004110600,"org.eclipse.jst.j2ee.webservice",1326260635474
started,bundle,org.eclipse.jst.j2ee.webservice.ui,1.1.500.v201105122000,"org.eclipse.jst.j2ee.webservice.ui",1326260635475
started,bundle,org.eclipse.jst.ws.jaxws.utils,1.0.0.v201004171919,"org.eclipse.jst.ws.jaxws.utils",1326260635475
started,bundle,org.eclipse.mylyn.bugzilla.core,3.6.0.v20110608-1400,"org.eclipse.mylyn.bugzilla.core",1326260635476
started,bundle,org.eclipse.mylyn.bugzilla.ui,3.6.0.v20110608-1400,"org.eclipse.mylyn.bugzilla.ui",1326260635476
started,bundle,org.eclipse.mylyn.commons.identity,0.8.0.v20110608-1400,"org.eclipse.mylyn.commons.identity",1326260635476
started,bundle,org.eclipse.mylyn.commons.net,3.6.0.v20110608-1400,"org.eclipse.mylyn.commons.net",1326260635476
started,bundle,org.eclipse.mylyn.context.ui,3.6.0.v20110608-1400,"org.eclipse.mylyn.context.ui",1326260635477
started,bundle,org.eclipse.mylyn.monitor.ui,3.6.0.v20110608-1400,"org.eclipse.mylyn.monitor.ui",1326260635477
started,bundle,org.eclipse.mylyn.team.ui,3.6.0.v20110608-1400,"org.eclipse.mylyn.team.ui",1326260635478
started,bundle,org.eclipse.search,3.7.0.v20110505-0800,"org.eclipse.search",1326260635485
started,bundle,org.eclipse.team.core,3.6.0.I20110525-0800,"org.eclipse.team.core",1326260635485
started,bundle,org.eclipse.team.cvs.core,3.3.400.I20110510-0800,"org.eclipse.team.cvs.core",1326260635486
started,bundle,org.eclipse.team.cvs.ui,3.3.400.I20110510-0800,"org.eclipse.team.cvs.ui",1326260635499
started,bundle,org.eclipse.team.ui,3.6.100.I20110525-0800,"org.eclipse.team.ui",1326260635513
started,bundle,org.eclipse.ui,3.7.0.I20110602-0100,"org.eclipse.ui",1326260635514
started,bundle,org.eclipse.ui.console,3.5.100.v20110511,"org.eclipse.ui.console",1326260635514
started,bundle,org.eclipse.ui.editors,3.7.0.v20110517-0800,"org.eclipse.ui.editors",1326260635526
started,bundle,org.eclipse.ui.forms,3.5.100.v20110425,"org.eclipse.ui.forms",1326260635527
started,bundle,org.eclipse.ui.ide,3.7.0.I20110519-0100,"org.eclipse.ui.ide",1326260635543
started,bundle,org.eclipse.ui.intro,3.4.100.v20110425,"org.eclipse.ui.intro",1326260635550
started,bundle,org.eclipse.ui.intro.universal,3.2.500.v20110510,"org.eclipse.ui.intro.universal",1326260635550
started,bundle,org.eclipse.ui.navigator,3.5.100.I20110524-0800,"org.eclipse.ui.navigator",1326260635550
started,bundle,org.eclipse.ui.navigator.resources,3.4.300.I20110421-1800,"org.eclipse.ui.navigator.resources",1326260635550
started,bundle,org.eclipse.ui.net,1.2.100.I20110511-0800,"org.eclipse.ui.net",1326260635551
started,bundle,org.eclipse.ui.views,3.6.0.I20110412-0800,"org.eclipse.ui.views",1326260635551
started,bundle,org.eclipse.ui.workbench,3.7.0.I20110519-0100,"org.eclipse.ui.workbench",1326260635552
started,bundle,org.eclipse.ui.workbench.texteditor,3.7.0.v20110505-0800,"org.eclipse.ui.workbench.texteditor",1326260635557
started,bundle,org.eclipse.update.configurator,3.3.100.v20100512,"org.eclipse.update.configurator",1326260635558
started,bundle,org.eclipse.update.core,3.2.500.v20110330,"org.eclipse.update.core",1326260635569
started,bundle,org.eclipse.update.scheduler,3.2.300.v20100512,"org.eclipse.update.scheduler",1326260635569
started,bundle,org.eclipse.wst.common.emf,1.2.100.v201101101900,"org.eclipse.wst.common.emf",1326260635570
started,bundle,org.eclipse.wst.common.emfworkbench.integration,1.2.100.v201011172300,"org.eclipse.wst.common.emfworkbench.integration",1326260635570
started,bundle,org.eclipse.wst.common.frameworks,1.2.100.v201105122000,"org.eclipse.wst.common.frameworks",1326260635571
started,bundle,org.eclipse.wst.common.project.facet.core,1.4.200.v201103170332,"org.eclipse.wst.common.project.facet.core",1326260635571
started,bundle,org.eclipse.wst.web,1.1.500.v201104251400,"org.eclipse.wst.web",1326260635571
started,bundle,org.eclipse.egit.core,1.1.0.201109151100-r,"org.eclipse.egit.core",1326260635571
started,bundle,org.eclipse.egit.ui,1.1.0.201109151100-r,"org.eclipse.egit.ui",1326260635581
started,bundle,org.eclipse.jgit,1.1.0.201109151100-r,"org.eclipse.jgit",1326260635581
started,bundle,org.eclipse.mylyn.commons.ui,3.6.1.v20110720-0100,"org.eclipse.mylyn.commons.ui",1326260635582
started,bundle,org.eclipse.mylyn.context.core,3.6.1.v20110720-0100,"org.eclipse.mylyn.context.core",1326260635582
started,bundle,org.eclipse.mylyn.github.ui,1.1.0.201109151100-r,"org.eclipse.mylyn.github.ui",1326260635582
started,bundle,org.eclipse.mylyn.tasks.ui,3.6.2.v20110826-0100,"org.eclipse.mylyn.tasks.ui",1326260635584
os,sysinfo,,,"win32",1326260635586
arch,sysinfo,,,"x86_64",1326260635586
ws,sysinfo,,,"win32",1326260635586
locale,sysinfo,,,"en_US",1326260635586
processors,sysinfo,,,"4",1326260635586
java.runtime.name,sysinfo,,,"Java(TM) SE Runtime Environment",1326260635586
java.runtime.version,sysinfo,,,"1.6.0_25-b06",1326260635586
java.specification.name,sysinfo,,,"Java Platform API Specification",1326260635586
java.specification.vendor,sysinfo,,,"Sun Microsystems Inc.",1326260635586
java.specification.version,sysinfo,,,"1.6",1326260635586
java.vendor,sysinfo,,,"Sun Microsystems Inc.",1326260635586
java.version,sysinfo,,,"1.6.0_25",1326260635586
java.vm.info,sysinfo,,,"mixed mode",1326260635586
java.vm.name,sysinfo,,,"Java HotSpot(TM) 64-Bit Server VM",1326260635586
java.vm.specification.name,sysinfo,,,"Java Virtual Machine Specification",1326260635586
java.vm.specification.vendor,sysinfo,,,"Sun Microsystems Inc.",1326260635586
java.vm.specification.version,sysinfo,,,"1.0",1326260635586
java.vm.vendor,sysinfo,,,"Sun Microsystems Inc.",1326260635586
java.vm.version,sysinfo,,,"20.0-b11",1326260635586
deactivated,workbench,org.eclipse.ui.workbench,3.7.0.I20110519-0100,"",1326260636753
activated,workbench,org.eclipse.ui.workbench,3.7.0.I20110519-0100,"",1326260641878
deactivated,workbench,org.eclipse.ui.workbench,3.7.0.I20110519-0100,"",1326260660779
started,bundle,org.eclipse.debug.core,3.7.0.v20110518,"org.eclipse.debug.core",1326260663286
started,bundle,org.eclipse.jdt.launching,3.6.0.v20110509,"org.eclipse.jdt.launching",1326260663299
started,bundle,org.eclipse.jst.common.project.facet.core,1.4.200.v201103170302,"org.eclipse.jst.common.project.facet.core",1326260677466
started,bundle,org.eclipse.jst.ws.jaxrs.core,1.0.300.v201011231608,"org.eclipse.jst.ws.jaxrs.core",1326260677485
started,bundle,org.eclipse.jst.servlet.ui,1.1.500.v201105122000,"org.eclipse.jst.servlet.ui",1326260677595
started,bundle,org.eclipse.wst.jsdt.core,1.1.100.v201104272153,"org.eclipse.wst.jsdt.core",1326260677846
started,bundle,org.eclipse.wst.jsdt.manipulation,1.0.300.v201104272153,"org.eclipse.wst.jsdt.manipulation",1326260678000
started,bundle,org.eclipse.wst.jsdt.ui,1.1.100.v201105041953,"org.eclipse.wst.jsdt.ui",1326260678000
started,bundle,org.eclipse.wst.common.core,1.2.0.v200908252030,"org.eclipse.wst.common.core",1326260678182
started,bundle,org.eclipse.wst.common.modulecore,1.2.100.v201105191800,"org.eclipse.wst.common.modulecore",1326260678184
started,bundle,org.eclipse.jst.j2ee.core,1.2.100.v201105122000,"org.eclipse.jst.j2ee.core",1326260678232
started,bundle,org.eclipse.jem,2.0.500.v201104271400,"org.eclipse.jem",1326260678267
started,bundle,org.eclipse.wst.common.frameworks.ui,1.2.100.v201105122000,"org.eclipse.wst.common.frameworks.ui",1326260678337
started,bundle,org.eclipse.wst.xml.core,1.1.600.v201104251227,"org.eclipse.wst.xml.core",1326260678381
started,bundle,org.eclipse.wst.validation,1.2.300.v201104190230,"org.eclipse.wst.validation",1326260678404
started,bundle,org.eclipse.jst.j2ee,1.1.500.v201105122000,"org.eclipse.jst.j2ee",1326260678464
started,bundle,org.eclipse.jst.jee.ui,1.0.400.v201105122000,"org.eclipse.jst.jee.ui",1326260678464
started,bundle,org.eclipse.jst.j2ee.navigator.ui,1.1.500.v201012020700,"org.eclipse.jst.j2ee.navigator.ui",1326260678503
started,bundle,com.android.ide.eclipse.ddms,12.0.0.v201106281929-138431,"com.android.ide.eclipse.ddms",1326260681325
started,bundle,org.eclipse.wst.sse.core,1.1.600.v201105162116,"org.eclipse.wst.sse.core",1326260681451
started,bundle,com.android.ide.eclipse.adt,12.0.0.v201106281929-138431,"com.android.ide.eclipse.adt",1326260681451
started,bundle,org.eclipse.jpt.common.core,1.0.0.v201105180000,"org.eclipse.jpt.common.core",1326260682098
started,bundle,org.eclipse.jpt.jpa.core,3.0.0.v201105250001,"org.eclipse.jpt.jpa.core",1326260682121
started,bundle,org.eclipse.ltk.core.refactoring,3.5.200.v20110505-0800,"org.eclipse.ltk.core.refactoring",1326260682121
started,bundle,org.eclipse.ltk.ui.refactoring,3.6.0.v20110505-0800,"org.eclipse.ltk.ui.refactoring",1326260682131
started,bundle,com.android.ide.eclipse.traceview,12.0.0.v201106281929-138431,"com.android.ide.eclipse.traceview",1326260682134
started,bundle,org.eclipse.jdt.apt.core,3.3.500.v20110420-1015,"org.eclipse.jdt.apt.core",1326260682424
started,bundle,org.eclipse.jdt.apt.pluggable.core,1.0.400.v20110305-1450,"org.eclipse.jdt.apt.pluggable.core",1326260682642
activated,workbench,org.eclipse.ui.workbench,3.7.0.I20110519-0100,"",1326260685848
started,bundle,org.eclipse.pde.launching,3.6.0.v20110506,"org.eclipse.pde.launching",1326260686633
started,bundle,org.eclipse.ui.views.log,1.0.200.v20110404,"org.eclipse.ui.views.log",1326260686649
started,bundle,org.eclipse.pde.ui,3.6.100.v20110603,"org.eclipse.pde.ui",1326260686659
opened,view,org.eclipse.jdt.ui,3.7.0.v20110531-1200,"org.eclipse.jdt.ui.PackageExplorer",1326260686705
opened,view,org.eclipse.ui.ide,3.7.0.I20110519-0100,"org.eclipse.ui.views.ProblemView",1326260686770
opened,view,org.eclipse.mylyn.tasks.ui,3.6.2.v20110826-0100,"org.eclipse.mylyn.tasks.ui.views.tasks",1326260687260
activated,perspective,org.eclipse.jdt.ui,3.7.0.v20110531-1200,"org.eclipse.jdt.ui.JavaPerspective",1326260687285
activated,view,org.eclipse.ui.views,3.6.0.I20110412-0800,"org.eclipse.ui.views.ContentOutline",1326260687290
activated,view,org.eclipse.ui,3.7.0.I20110602-0100,"org.eclipse.ui.internal.introview",1326260690672
activated,view,org.eclipse.ui.views,3.6.0.I20110412-0800,"org.eclipse.ui.views.ContentOutline",1326260690678
activated,view,org.eclipse.jdt.ui,3.7.0.v20110531-1200,"org.eclipse.jdt.ui.PackageExplorer",1326260693269
deactivated,workbench,org.eclipse.ui.workbench,3.7.0.I20110519-0100,"",1326260696422
activated,workbench,org.eclipse.ui.workbench,3.7.0.I20110519-0100,"",1326260808995
started,bundle,org.eclipse.wst.ws.service.policy.ui,1.0.202.v201004211732,"org.eclipse.wst.ws.service.policy.ui",1326260810718
started,bundle,org.eclipse.wst.ws.service.policy,1.0.303.v201009221810,"org.eclipse.wst.ws.service.policy",1326260810726
started,bundle,org.eclipse.wst.command.env,1.0.409.v201004211805,"org.eclipse.wst.command.env",1326260810797
started,bundle,org.eclipse.wst.ws,1.1.203.v201004211805,"org.eclipse.wst.ws",1326260810797
started,bundle,org.eclipse.compare.core,3.5.200.I20110208-0800,"org.eclipse.compare.core",1326260811434
started,bundle,org.eclipse.compare,3.5.200.I20110525-0800,"org.eclipse.compare",1326260811441
deactivated,workbench,org.eclipse.ui.workbench,3.7.0.I20110519-0100,"",1326260824725
started,bundle,org.eclipse.jdt.junit,3.7.0.v20110505-0800,"org.eclipse.jdt.junit",1326260838501
started,bundle,org.eclipse.jdt.junit.core,3.7.0.v20110518-0800,"org.eclipse.jdt.junit.core",1326260838666
activated,workbench,org.eclipse.ui.workbench,3.7.0.I20110519-0100,"",1326260880142
executed,command,org.eclipse.ui,3.7.0.I20110602-0100,"org.eclipse.ui.newWizard",1326260880153
deactivated,workbench,org.eclipse.ui.workbench,3.7.0.I20110519-0100,"",1326260884800
activated,workbench,org.eclipse.ui.workbench,3.7.0.I20110519-0100,"",1326260975432
deactivated,workbench,org.eclipse.ui.workbench,3.7.0.I20110519-0100,"",1326260980929
started,bundle,org.eclipse.mylyn.ide.ui,3.6.0.v20110608-1400,"org.eclipse.mylyn.ide.ui",1326261241151
activated,workbench,org.eclipse.ui.workbench,3.7.0.I20110519-0100,"",1326261242008
opened,editor,org.eclipse.jdt.ui,3.7.0.v20110531-1200,"org.eclipse.jdt.ui.CompilationUnitEditor",1326261243302
activated,editor,org.eclipse.jdt.ui,3.7.0.v20110531-1200,"org.eclipse.jdt.ui.CompilationUnitEditor",1326261243468
started,bundle,org.eclipse.core.variables,3.2.500.v20110511,"org.eclipse.core.variables",1326261243863
started,bundle,org.eclipse.mylyn.java.tasks,3.6.0.v20110608-1400,"org.eclipse.mylyn.java.tasks",1326261249790
deactivated,workbench,org.eclipse.ui.workbench,3.7.0.I20110519-0100,"",1326261255938
activated,workbench,org.eclipse.ui.workbench,3.7.0.I20110519-0100,"",1326261256040
executed,command,org.eclipse.ui.workbench.texteditor,3.7.0.v20110505-0800,"org.eclipse.ui.edit.text.goto.lineEnd",1326261329154
deactivated,workbench,org.eclipse.ui.workbench,3.7.0.I20110519-0100,"",1326261387852
activated,workbench,org.eclipse.ui.workbench,3.7.0.I20110519-0100,"",1326261387962
deactivated,workbench,org.eclipse.ui.workbench,3.7.0.I20110519-0100,"",1326261420169
activated,workbench,org.eclipse.ui.workbench,3.7.0.I20110519-0100,"",1326261461266
executed,command,org.eclipse.ui.workbench.texteditor,3.7.0.v20110505-0800,"org.eclipse.ui.edit.text.goto.lineEnd",1326261472753
executed,command,org.eclipse.ui.workbench.texteditor,3.7.0.v20110505-0800,"org.eclipse.ui.edit.text.goto.lineEnd",1326261473603
deactivated,workbench,org.eclipse.ui.workbench,3.7.0.I20110519-0100,"",1326261505130
activated,workbench,org.eclipse.ui.workbench,3.7.0.I20110519-0100,"",1326261544682
executed,command,org.eclipse.ui.workbench.texteditor,3.7.0.v20110505-0800,"org.eclipse.ui.edit.text.select.lineEnd",1326261580066
deactivated,workbench,org.eclipse.ui.workbench,3.7.0.I20110519-0100,"",1326261596340
activated,workbench,org.eclipse.ui.workbench,3.7.0.I20110519-0100,"",1326261613469
deactivated,workbench,org.eclipse.ui.workbench,3.7.0.I20110519-0100,"",1326261618571
activated,workbench,org.eclipse.ui.workbench,3.7.0.I20110519-0100,"",1326261649630
started,bundle,org.eclipse.jpt.jaxb.ui,1.1.0.v201105180000,"org.eclipse.jpt.jaxb.ui",1326261661459
started,bundle,org.eclipse.jpt.jpa.ui,3.0.0.v201105170000,"org.eclipse.jpt.jpa.ui",1326261661493
started,bundle,org.eclipse.jst.ws.jaxws.ui,1.0.100.v201104032053,"org.eclipse.jst.ws.jaxws.ui",1326261661687
started,bundle,org.eclipse.mylyn.java.ui,3.6.0.v20110608-1400,"org.eclipse.mylyn.java.ui",1326261661702
started,bundle,org.eclipse.pde.api.tools,1.0.300.v20110523-1600,"org.eclipse.pde.api.tools",1326261661776
started,bundle,org.eclipse.pde.api.tools.ui,1.0.300.v20110523-1600,"org.eclipse.pde.api.tools.ui",1326261661778
started,bundle,org.eclipse.jpt.jaxb.core,1.0.0.v201105240000,"org.eclipse.jpt.jaxb.core",1326261661907
executed,command,org.eclipse.ui,3.7.0.I20110602-0100,"org.eclipse.ui.edit.text.contentAssist.proposals",1326261662025
executed,command,org.eclipse.ui.workbench.texteditor,3.7.0.v20110505-0800,"org.eclipse.ui.edit.text.goto.lineEnd",1326261671139
executed,command,org.eclipse.ui.workbench.texteditor,3.7.0.v20110505-0800,"org.eclipse.ui.edit.text.select.lineEnd",1326261702492
executed,command,org.eclipse.ui,3.7.0.I20110602-0100,"org.eclipse.ui.edit.text.contentAssist.proposals",1326261713372
executed,command,org.eclipse.ui,3.7.0.I20110602-0100,"org.eclipse.ui.edit.delete",1326261734640
deactivated,workbench,org.eclipse.ui.workbench,3.7.0.I20110519-0100,"",1326261746673
activated,workbench,org.eclipse.ui.workbench,3.7.0.I20110519-0100,"",1326261746749
deactivated,workbench,org.eclipse.ui.workbench,3.7.0.I20110519-0100,"",1326261746783
activated,workbench,org.eclipse.ui.workbench,3.7.0.I20110519-0100,"",1326261748984
deactivated,workbench,org.eclipse.ui.workbench,3.7.0.I20110519-0100,"",1326261749059
activated,workbench,org.eclipse.ui.workbench,3.7.0.I20110519-0100,"",1326261749318
deactivated,workbench,org.eclipse.ui.workbench,3.7.0.I20110519-0100,"",1326261761724
activated,workbench,org.eclipse.ui.workbench,3.7.0.I20110519-0100,"",1326261761819
deactivated,workbench,org.eclipse.ui.workbench,3.7.0.I20110519-0100,"",1326261771939
activated,workbench,org.eclipse.ui.workbench,3.7.0.I20110519-0100,"",1326261772013
deactivated,workbench,org.eclipse.ui.workbench,3.7.0.I20110519-0100,"",1326261787524
activated,workbench,org.eclipse.ui.workbench,3.7.0.I20110519-0100,"",1326261787620
deactivated,workbench,org.eclipse.ui.workbench,3.7.0.I20110519-0100,"",1326261795798
activated,workbench,org.eclipse.ui.workbench,3.7.0.I20110519-0100,"",1326261801030
deactivated,workbench,org.eclipse.ui.workbench,3.7.0.I20110519-0100,"",1326261804891
activated,workbench,org.eclipse.ui.workbench,3.7.0.I20110519-0100,"",1326261818521
deactivated,workbench,org.eclipse.ui.workbench,3.7.0.I20110519-0100,"",1326261821322
activated,workbench,org.eclipse.ui.workbench,3.7.0.I20110519-0100,"",1326261821410
deactivated,workbench,org.eclipse.ui.workbench,3.7.0.I20110519-0100,"",1326261835912
activated,workbench,org.eclipse.ui.workbench,3.7.0.I20110519-0100,"",1326261836106
deactivated,workbench,org.eclipse.ui.workbench,3.7.0.I20110519-0100,"",1326261842515
activated,workbench,org.eclipse.ui.workbench,3.7.0.I20110519-0100,"",1326261894147
activated,view,org.eclipse.jdt.ui,3.7.0.v20110531-1200,"org.eclipse.jdt.ui.PackageExplorer",1326261894166
deactivated,workbench,org.eclipse.ui.workbench,3.7.0.I20110519-0100,"",1326261901827
started,bundle,org.eclipse.jdt.debug,3.7.0.v20110509,"org.eclipse.jdt.debug",1326261904826
started,bundle,org.eclipse.debug.ui,3.7.0.v20110518,"org.eclipse.debug.ui",1326261904974
started,bundle,org.eclipse.jdt.debug.ui,3.6.0.v20110512,"org.eclipse.jdt.debug.ui",1326261905078
started,bundle,org.eclipse.jst.jsp.ui,1.1.600.v201105092017,"org.eclipse.jst.jsp.ui",1326261905194
started,bundle,org.eclipse.pde.core,3.7.0.v20110603,"org.eclipse.pde.core",1326261905269
started,bundle,org.eclipse.ant.ui,3.5.100.v20110510,"org.eclipse.ant.ui",1326261905283
started,bundle,org.eclipse.wst.jsdt.debug.rhino.ui,1.0.0.v201103232243,"org.eclipse.wst.jsdt.debug.rhino.ui",1326261905287
started,bundle,org.eclipse.jst.jsp.core,1.2.400.v201105162116,"org.eclipse.jst.jsp.core",1326261910928
activated,workbench,org.eclipse.ui.workbench,3.7.0.I20110519-0100,"",1326261911573
executed,command,org.eclipse.jdt.ui,3.7.0.v20110531-1200,"org.eclipse.jdt.ui.edit.text.java.rename.element",1326261911582
deactivated,workbench,org.eclipse.ui.workbench,3.7.0.I20110519-0100,"",1326261920943
activated,workbench,org.eclipse.ui.workbench,3.7.0.I20110519-0100,"",1326261953059
activated,editor,org.eclipse.jdt.ui,3.7.0.v20110531-1200,"org.eclipse.jdt.ui.CompilationUnitEditor",1326261953177
activated,view,org.eclipse.jdt.ui,3.7.0.v20110531-1200,"org.eclipse.jdt.ui.PackageExplorer",1326261955806
activated,editor,org.eclipse.jdt.ui,3.7.0.v20110531-1200,"org.eclipse.jdt.ui.CompilationUnitEditor",1326261958606
activated,view,org.eclipse.jdt.ui,3.7.0.v20110531-1200,"org.eclipse.jdt.ui.PackageExplorer",1326261964381
deactivated,workbench,org.eclipse.ui.workbench,3.7.0.I20110519-0100,"",1326261974904
activated,workbench,org.eclipse.ui.workbench,3.7.0.I20110519-0100,"",1326261986254
deactivated,workbench,org.eclipse.ui.workbench,3.7.0.I20110519-0100,"",1326261994107
started,bundle,org.eclipse.equinox.p2.garbagecollector,1.0.200.v20110510,"org.eclipse.equinox.p2.garbagecollector",1326262049173
started,bundle,org.eclipse.equinox.simpleconfigurator.manipulator,2.0.0.v20110502-1955,"org.eclipse.equinox.simpleconfigurator.manipulator",1326262088084
started,bundle,org.eclipse.equinox.frameworkadmin,2.0.0.v20110502-1955,"org.eclipse.equinox.frameworkadmin",1326262088112
activated,workbench,org.eclipse.ui.workbench,3.7.0.I20110519-0100,"",1326262088768
opened,editor,org.eclipse.jdt.ui,3.7.0.v20110531-1200,"org.eclipse.jdt.ui.CompilationUnitEditor",1326262088883
activated,editor,org.eclipse.jdt.ui,3.7.0.v20110531-1200,"org.eclipse.jdt.ui.CompilationUnitEditor",1326262088983
activated,view,org.eclipse.jdt.ui,3.7.0.v20110531-1200,"org.eclipse.jdt.ui.PackageExplorer",1326262113769
activated,editor,org.eclipse.jdt.ui,3.7.0.v20110531-1200,"org.eclipse.jdt.ui.CompilationUnitEditor",1326262114137
executed,command,org.eclipse.ui.workbench.texteditor,3.7.0.v20110505-0800,"org.eclipse.ui.edit.text.goto.lineEnd",1326262151809
executed,command,org.eclipse.ui,3.7.0.I20110602-0100,"org.eclipse.ui.edit.delete",1326262159951
executed,command,org.eclipse.ui,3.7.0.I20110602-0100,"org.eclipse.ui.edit.delete",1326262160106
executed,command,org.eclipse.ui,3.7.0.I20110602-0100,"org.eclipse.ui.edit.delete",1326262160251
executed,command,org.eclipse.ui,3.7.0.I20110602-0100,"org.eclipse.ui.edit.delete",1326262160383
executed,command,org.eclipse.ui,3.7.0.I20110602-0100,"org.eclipse.ui.edit.delete",1326262160535
executed,command,org.eclipse.ui,3.7.0.I20110602-0100,"org.eclipse.ui.edit.delete",1326262160636
executed,command,org.eclipse.ui,3.7.0.I20110602-0100,"org.eclipse.ui.edit.delete",1326262161221
deactivated,workbench,org.eclipse.ui.workbench,3.7.0.I20110519-0100,"",1326262195703
activated,workbench,org.eclipse.ui.workbench,3.7.0.I20110519-0100,"",1326262217483
deactivated,workbench,org.eclipse.ui.workbench,3.7.0.I20110519-0100,"",1326262286744
activated,workbench,org.eclipse.ui.workbench,3.7.0.I20110519-0100,"",1326262286896
executed,command,org.eclipse.ui.workbench.texteditor,3.7.0.v20110505-0800,"org.eclipse.ui.edit.text.goto.lineEnd",1326262297444
executed,command,org.eclipse.ui,3.7.0.I20110602-0100,"org.eclipse.ui.edit.undo",1326262305960
executed,command,org.eclipse.ui,3.7.0.I20110602-0100,"org.eclipse.ui.edit.undo",1326262306492
executed,command,org.eclipse.ui,3.7.0.I20110602-0100,"org.eclipse.ui.edit.undo",1326262306879
deactivated,workbench,org.eclipse.ui.workbench,3.7.0.I20110519-0100,"",1326262339177
activated,workbench,org.eclipse.ui.workbench,3.7.0.I20110519-0100,"",1326262365666
executed,command,org.eclipse.ui,3.7.0.I20110602-0100,"org.eclipse.ui.edit.delete",1326262367661
